{
    "0.05": {
        "MA": {
            "MSE": 0.000471522298892586,
            "SNR": 22.74042704782574,
            "Peak Error": 0.048286679867689086,
            "Bias": -0.000246963985280112
        },
        "Fourier": {
            "MSE": 0.0002617216790203582,
            "SNR": 25.297052429229623,
            "Peak Error": 0.032283426822868444,
            "Bias": -0.00022648793359946674
        },
        "Kalman": {
            "MSE": 0.0016782391307006402,
            "SNR": 17.22691097572751,
            "Peak Error": 0.00819059144744827,
            "Bias": -0.00033308918329106164
        },
        "Noisy": {
            "MSE": 0.002432809884917913,
            "SNR": 15.614367689315126,
            "Peak Error": 0.08789509387532868,
            "Bias": -0.00022648793359946172
        }
    },
    "0.1": {
        "MA": {
            "MSE": 0.0018885818527311065,
            "SNR": 16.714091284223255,
            "Peak Error": 0.08921317002555051,
            "Bias": -0.0006231759850280758
        },
        "Fourier": {
            "MSE": 0.0009548675109278712,
            "SNR": 19.676018238266447,
            "Peak Error": 0.07416823197398581,
            "Bias": -0.0005558656234659067
        },
        "Kalman": {
            "MSE": 0.0016392361398336504,
            "SNR": 17.32903420401395,
            "Peak Error": 0.03441714844210231,
            "Bias": -0.0012062372439489745
        },
        "Noisy": {
            "MSE": 0.010360924018305424,
            "SNR": 9.321464518611014,
            "Peak Error": 0.23580056325817988,
            "Bias": -0.0005558656234659254
        }
    },
    "0.2": {
        "MA": {
            "MSE": 0.0077383642586601525,
            "SNR": 10.588957717978909,
            "Peak Error": 0.1074900883840253,
            "Bias": -0.007778717035351459
        },
        "Fourier": {
            "MSE": 0.0033124989841503225,
            "SNR": 14.27389186924026,
            "Peak Error": 0.043310479598503315,
            "Bias": -0.007657182691998284
        },
        "Kalman": {
            "MSE": 0.003821115162087855,
            "SNR": 13.653548138804139,
            "Peak Error": 0.03352534968854015,
            "Bias": -0.009430576697967619
        },
        "Noisy": {
            "MSE": 0.039547954118372405,
            "SNR": 3.5042091904618626,
            "Peak Error": 0.385411934060917,
            "Bias": -0.007657182691998276
        }
    },
    "0.5": {
        "MA": {
            "MSE": 0.04588300952875919,
            "SNR": 2.858930445561301,
            "Peak Error": 0.505373283030081,
            "Bias": -0.018265237527006387
        },
        "Fourier": {
            "MSE": 0.022845177910651365,
            "SNR": 5.8875039613713565,
            "Peak Error": 0.17569280722468839,
            "Bias": -0.018286578401811547
        },
        "Kalman": {
            "MSE": 0.013805879415630858,
            "SNR": 8.07480864862352,
            "Peak Error": 0.00763900588818478,
            "Bias": -0.021270421695476736
        },
        "Noisy": {
            "MSE": 0.25454692610157786,
            "SNR": -4.582229161992747,
            "Peak Error": 1.3277430383635012,
            "Bias": -0.018286578401811537
        }
    }
}